{
  "fluxem": {
    "test_id": {
      "overall": {
        "mae": 5.039257333463625,
        "median_ae": 2.017621343952669e-05,
        "mean_relative_error": 2.279591564673724e-07,
        "median_relative_error": 9.50256999033259e-08,
        "accuracy": 1.0,
        "max_relative_error": 2.2649765014365317e-06,
        "n_samples": 200
      },
      "by_ops": {
        "1": {
          "mae": 0.01731024839435335,
          "median_ae": 7.62939453125e-06,
          "mean_relative_error": 1.829299331878044e-07,
          "median_relative_error": 9.781275040051562e-08,
          "accuracy": 1.0,
          "max_relative_error": 9.159677128427063e-07,
          "n_samples": 63
        },
        "2": {
          "mae": 4.812626042922406,
          "median_ae": 1.9063593413193303e-05,
          "mean_relative_error": 2.725340554900226e-07,
          "median_relative_error": 7.032001857647533e-08,
          "accuracy": 1.0,
          "max_relative_error": 2.2649765014365317e-06,
          "n_samples": 70
        },
        "3": {
          "mae": 9.998165642377797,
          "median_ae": 5.463566412799992e-05,
          "mean_relative_error": 2.2372927788568976e-07,
          "median_relative_error": 1.0903878026673687e-07,
          "accuracy": 1.0,
          "max_relative_error": 1.5051447240319935e-06,
          "n_samples": 67
        }
      }
    },
    "ood_a": {
      "overall": {
        "mae": 85189.76726518855,
        "median_ae": 0.028522230277303606,
        "mean_relative_error": 4.383568867938075e-07,
        "median_relative_error": 2.1511841066364329e-07,
        "accuracy": 1.0,
        "max_relative_error": 2.5591913004904086e-06,
        "n_samples": 200
      },
      "by_ops": {
        "1": {
          "mae": 49696.871277089944,
          "median_ae": 4.064369629741549e-06,
          "mean_relative_error": 3.877649902153026e-07,
          "median_relative_error": 1.6575345257200655e-07,
          "accuracy": 1.0,
          "max_relative_error": 1.5738593293456536e-06,
          "n_samples": 64
        },
        "2": {
          "mae": 53547.58677996299,
          "median_ae": 0.02499784860992804,
          "mean_relative_error": 3.903752998503465e-07,
          "median_relative_error": 9.229751402183832e-08,
          "accuracy": 1.0,
          "max_relative_error": 2.2466837634503734e-06,
          "n_samples": 81
        },
        "3": {
          "mae": 173090.89385685363,
          "median_ae": 0.18511309113819152,
          "mean_relative_error": 5.678912490382557e-07,
          "median_relative_error": 3.6443478159449343e-07,
          "accuracy": 1.0,
          "max_relative_error": 2.5591913004904086e-06,
          "n_samples": 55
        }
      }
    },
    "ood_b": {
      "overall": {
        "mae": 202119.82444442905,
        "median_ae": 0.01373846760179731,
        "mean_relative_error": 6.552352486883259e-07,
        "median_relative_error": 2.959918227715529e-07,
        "accuracy": 1.0,
        "max_relative_error": 1.874596725410328e-05,
        "n_samples": 200
      },
      "by_ops": {
        "4": {
          "mae": 15.776840816672827,
          "median_ae": 0.0001220703125,
          "mean_relative_error": 3.133788324042216e-07,
          "median_relative_error": 1.9065318270730947e-07,
          "accuracy": 1.0,
          "max_relative_error": 1.0570761763478989e-06,
          "n_samples": 37
        },
        "5": {
          "mae": 3991.1319621376306,
          "median_ae": 0.006408998115148279,
          "mean_relative_error": 8.310702617051452e-07,
          "median_relative_error": 2.7136076509601567e-07,
          "accuracy": 1.0,
          "max_relative_error": 1.874596725410328e-05,
          "n_samples": 47
        },
        "6": {
          "mae": 110846.79359577787,
          "median_ae": 0.0028456390882638516,
          "mean_relative_error": 6.609125126339944e-07,
          "median_relative_error": 2.2107904606433636e-07,
          "accuracy": 1.0,
          "max_relative_error": 3.008108767919753e-06,
          "n_samples": 45
        },
        "7": {
          "mae": 2102.7798526459114,
          "median_ae": 0.04661226489406545,
          "mean_relative_error": 8.483572322475089e-07,
          "median_relative_error": 3.3057228626051193e-07,
          "accuracy": 1.0,
          "max_relative_error": 1.0384425427326111e-05,
          "n_samples": 32
        },
        "8": {
          "mae": 902061.622473345,
          "median_ae": 0.4934749089879915,
          "mean_relative_error": 6.026470804645419e-07,
          "median_relative_error": 4.0740847865943326e-07,
          "accuracy": 1.0,
          "max_relative_error": 2.8869038886574403e-06,
          "n_samples": 39
        }
      }
    },
    "ood_c": {
      "overall": {
        "mae": 6030.602799211736,
        "median_ae": 5.2365389713315835e-06,
        "mean_relative_error": 2.5127904076194756e-07,
        "median_relative_error": 9.64484467193017e-08,
        "accuracy": 1.0,
        "max_relative_error": 8.225440978181363e-06,
        "n_samples": 200
      },
      "by_ops": {
        "2": {
          "mae": 16765.951905049555,
          "median_ae": 2.8732495427341576e-07,
          "mean_relative_error": 1.963615954619417e-07,
          "median_relative_error": 6.858194417132125e-08,
          "accuracy": 1.0,
          "max_relative_error": 1.5986878726578434e-06,
          "n_samples": 70
        },
        "3": {
          "mae": 51.549819094266915,
          "median_ae": 8.225440979003906e-06,
          "mean_relative_error": 3.648846915906201e-07,
          "median_relative_error": 1.2548346256470003e-07,
          "accuracy": 1.0,
          "max_relative_error": 8.225440978181363e-06,
          "n_samples": 69
        },
        "4": {
          "mae": 474.54080280940815,
          "median_ae": 7.62939453125e-06,
          "mean_relative_error": 1.857943073819803e-07,
          "median_relative_error": 9.765624963618645e-08,
          "accuracy": 1.0,
          "max_relative_error": 1.47395852196493e-06,
          "n_samples": 61
        }
      }
    }
  },
  "transformer": {
    "test_id": {
      "overall": {
        "mae": 6167389.705718322,
        "median_ae": 1036.2180116176605,
        "mean_relative_error": 637.5317590550363,
        "median_relative_error": 0.9997127626759768,
        "accuracy": 0.02,
        "max_relative_error": 108101.15279094191,
        "n_samples": 200
      },
      "by_ops": {
        "1": {
          "mae": 52265.034015333185,
          "median_ae": 822.4620258808136,
          "mean_relative_error": 2.639184314997232,
          "median_relative_error": 1.0077074066025011,
          "accuracy": 0.031746031746031744,
          "max_relative_error": 19.088366810623324,
          "n_samples": 63
        },
        "2": {
          "mae": 7377678.400944567,
          "median_ae": 1116.6777620315552,
          "mean_relative_error": 33.646999710174306,
          "median_relative_error": 0.9991026017226317,
          "accuracy": 0.014285714285714285,
          "max_relative_error": 995.1498146365998,
          "n_samples": 70
        },
        "3": {
          "mae": 10652951.581113117,
          "median_ae": 1791.932423735318,
          "mean_relative_error": 1865.4446749171684,
          "median_relative_error": 0.9976906439557197,
          "accuracy": 0.014925373134328358,
          "max_relative_error": 108101.15279094191,
          "n_samples": 67
        }
      }
    },
    "ood_a": {
      "overall": {
        "mae": 99156460882.49207,
        "median_ae": 748837.7258475604,
        "mean_relative_error": 68370187.71431121,
        "median_relative_error": 0.9999999874705974,
        "accuracy": 0.01,
        "max_relative_error": 13642923642.977678,
        "n_samples": 200
      },
      "by_ops": {
        "1": {
          "mae": 64240311650.489914,
          "median_ae": 808986.1547791958,
          "mean_relative_error": 16.931491185680997,